{"cameraMode":{"drawMode":0,"name":"Shaded","section":"Shading Mode"},"sceneLighting":true,"audioPlay":false,"sceneViewState":{"showFog":true,"showMaterialUpdate":false,"showSkybox":true,"showFlares":true,"showImageEffects":true,"showParticleSystems":true,"showVisualEffectGraphs":true,"m_FxEnabled":true},"in2DMode":false,"pivot":{"x":-0.019683832302689554,"y":0.29999998211860659,"z":0.3141728639602661},"rotation":{"x":0.023979458957910539,"y":0.038978882133960727,"z":-0.0009356765076518059,"w":0.9989523887634277},"size":4.805538654327393,"orthographic":false}